0,1,2,3,4,5,6
consis wt pedcnn ready on Garey wie productions cle at,Genie wis routed ce,,,,,
"vitesse vin naan, Sosy wos hnons tasty [anes neta cay uncetodby",eany lenses om,ti acy tea ey wrnoby,imate res rouctonveny ce al,,,
"nang coun areata when,",ai enue ter eter devlprsandaccoutorege develops and cours for dg cane ander loan nd ecu ge ml rt ely droga,,,,,
tvore Une ocanericomote sete,eepepe ne canerts roc on_,ear nmr eft one ‘Sova sho conma ttc on,oe Untrtniten i pent oe,,,
Undertans eengapeei tees!,"Understands runatonaieing aac,",Understands renatoaleing apcch,"Unis ergenzatonal rng approach,",Undeands orenanona srg acer and,,
Xow towing praia. tee an ures cay maser gus.,andues cay mets ey gos Wars,"an ures cymes wy ope Wor ad wene ual mets ort gage, Wo",es ua res eet) gg: Werk hl,,,
ecg,trunters sonsines,Wonswmnbartematonconnnd”,yinal want aconnend eatin atom,wthaleaetaconmerd re ta oe,wh ane wrested cho tae,e rcomnend oad ao
mentaptonoreants,akamtatschacouncs wer scmmd,ecocue th cnc’ ei Tanorata [necadare veh accped erg tuners,actrancs wh ecpe tng treme,race win opie neg teem ad,,
"eee: ‘cy tunewets ete wsegyar,",erbe wang prc ne erica”,an bw wr ppansa Dvr gator,eb ws pr Dvr egurntor,etog pan Dre sree ee,,
Iona gman wang ery,wasn ay mi gt wi ig stay ing ty,,,,,
Lami cart eps aro bo,Lends ie renpnen ae Coats ect epee aes 2,Lede ce reepones ner ghosting,,,,
nsuming Ueeeasitonaicappoachin,Protlentatuing yuma bang,engin erganzaton os noude. Usk enginwing organization ao reno. see engineringoranzaon sono. Uses,egeiation a ood Une stoma,,,
dang en be Sytem ating oaegrove sane’,ysoraeebuyping depose cure’,eytoatccebgging oaepose sve _,entupingo dagrse snares he,,,
‘save ie oars ating,vs mong war on wan Baedon,,,,,
Is aware of the organization's philosophy. Helps tune and change the the organization's monitoring philosophy. 1s,Fosters a culture of observabilly across ROC IE ID,,,,,
vesora,rotanastimapyache [namealtenwinkntnotaty lr mensccrangyicame,"rmaesecrainaciserber ears larmatmeneardtapstomiie,",tramenacrantrtn Hope mera arve,,,
tofmeare,ve De),operatona tate ans,RABY A Ste eponinal dato tat eas oman,onainanduseetesabass raving,oponoral dno improve say and,eeTwetng cannon ue pron
rn) ‘onan arotsetas bats surgstng sai,chngs tothe twas eres cove,puormance of omane simon,,,,
donnin aight ar can_,"Ha expert nt ean’ oman, ing","Has experi ne erganiaton’s vas exer in be orzo’ va exeiin be ontzaten's Has expat ate xg’ arte,",,,,
rust __,paersutcocomen ovo,"te enon of seers tow bey eee and """,rchtecur ncn domaine ber,"reece iccng comune, tot",ehtecue nga domais ht,"nega oman, a nde coo an"
Untoianng,peccheyini tee,eaowsbawecnjoms Unaande”,tunederic anton ey wares wth,e core snow oy meetwth,e eahow oj uettwth to bey vat ih ah oer ana one,
crperieemaporioneter,adaee dona ste afex team.,enchoberaniéaa ws aieenoyne,"echoneranddua we ween sysene_leathear anda owe been sms,",bee son,,
"settee Ontre bale tpn ele pate otra,","eMC eto tae, eet anette, arson ents it alows rac, cst owe te, dono",,,,,
frome,"S Maon each,",e kaon nn onan enn,Ossensoaons nepal mamta canes ac,oeee seal inane harcpten the,S nhc han,
solnacancaten soos,Gcalnetaimininias twcectetare /wnccanchapa emake eH8 Neen manecagnecnonatas_,ecamoansRepe tem mae cesan,nm mata eng elon al,,,
Apress llengnewng wea,"Aaa wre wh outa 2 wat wos ih scum, wl",,,,,
Unnoands te nvr,one stendveing worms,reaiyina acy eotstrewamy [aetromion tnacetherwans,"mtarcmntean orator tents, [AHP rafts scat me ond",,,
testes secrendoer,Crenomean tein arcvnen,pon per etus asta sncrty Ot,orgs cry ergy roe,rans ancy srwgy rosea Forecast tmnt eon he,,
fie ing eer pen Pinna urate,rey ttc tn ton. a,"scrty trent omtean,_",atanton Canaan,,,
